{"version": {"json_export": "193", "page_segmentation": "5", "schema": "1.1.0", "structure": "1.1074.0", "table_structure": "5"}, "extended_metadata": {"ID_instance": "55 8F 02 F7 EA B8 B2 11 0A 00 67 45 8B 6B C6 23 ", "ID_permanent": "44 44 20 31 44 20 30 30 20 46 37 20 45 41 20 42 38 20 42 32 20 31 31 20 30 41 20 30 30 20 36 37 20 34 35 20 38 42 20 36 42 20 43 36 20 32 33 20 ", "pdf_version": "1.6", "pdfa_compliance_level": "", "is_encrypted": false, "has_acroform": false, "is_digitally_signed": false, "pdfua_compliance_level": "", "page_count": 2, "has_embedded_files": false, "is_certified": false, "is_XFA": false, "language": "en-IN"}, "elements": [{"Bounds": [277.25, 707.2753601074219, 334.24951171875, 717.1340789794922], "ClipBounds": [277.25, 707.2753601074219, 334.24951171875, 717.1340789794922], "Font": {"alt_family_name": "Times New Roman PS", "embedded": false, "encoding": "WinAnsiEncoding", "family_name": "Times New Roman PS", "font_type": "TrueType", "italic": false, "monospaced": false, "name": "TimesNewRomanPS-BoldMT", "subset": false, "weight": 700}, "HasClip": true, "Lang": "en", "Page": 0, "Path": "//Document/Sect/H1", "Text": "Pulkit Jeph ", "TextSize": 11.039993286132812, "attributes": {"LineHeight": 13.25, "SpaceAfter": 18, "TextAlign": "Center"}}, {"Bounds": [427.6999969482422, 671.5, 472.5008850097656, 685.1499938964844], "ClipBounds": [427.6999969482422, 671.5, 472.5008850097656, 685.1499938964844], "Font": {"alt_family_name": "Times New Roman PSMT", "embedded": false, "encoding": "WinAnsiEncoding", "family_name": "Times New Roman PSMT", "font_type": "TrueType", "italic": false, "monospaced": false, "name": "TimesNewRomanPSMT", "subset": false, "weight": 400}, "HasClip": true, "Page": 0, "Path": "//Document/Sect/P/StyleSpan[2]/Reference", "Text": "Linkedin ", "TextSize": 11.039993286132812}, {"Bounds": [142.5800018310547, 671.5, 472.5008850097656, 685.1499938964844], "ClipBounds": [142.5800018310547, 671.5, 472.5008850097656, 685.1499938964844], "Font": {"alt_family_name": "Times New Roman PSMT", "embedded": true, "encoding": "Identity-H", "family_name": "Times New Roman PSMT", "font_type": "CIDFontType2", "italic": false, "monospaced": false, "name": "TimesNewRomanPSMT", "subset": false, "weight": 400}, "HasClip": true, "Lang": "en", "Page": 0, "Path": "//Document/Sect/P", "Text": "Vapi, India \u2022 lightning.puli10@gmail.com \u2022 (+91) 9726234991 (<https://www.linkedin.com/in/saurabhsinghgautam228/>)\u2022 ", "TextSize": 11.039993286132812, "attributes": {"LineHeight": 13.25, "TextAlign": "Center"}}, {"Bounds": [279.4100036621094, 645.1153564453125, 330.5405578613281, 654.9740753173828], "ClipBounds": [279.4100036621094, 645.1153564453125, 330.5405578613281, 654.9740753173828], "Font": {"alt_family_name": "Times New Roman PS", "embedded": false, "encoding": "WinAnsiEncoding", "family_name": "Times New Roman PS", "font_type": "TrueType", "italic": false, "monospaced": false, "name": "TimesNewRomanPS-BoldMT", "subset": false, "weight": 700}, "HasClip": true, "Lang": "en", "Page": 0, "Path": "//Document/Sect[2]/H1", "Text": "Education ", "TextSize": 11.039993286132812, "attributes": {"LineHeight": 13.25, "SpaceAfter": 18, "TextAlign": "Center"}}, {"Bounds": [36.0, 495.0853576660156, 572.4582366943359, 633.5507202148438], "ClipBounds": [36.0, 495.0853576660156, 572.4582366943359, 633.5507202148438], "Page": 0, "Path": "//Document/Sect[2]/Table", "attributes": {"BBox": [35.998499999999694, 495.1319999999978, 569.6169999999984, 631.8069999999716], "NumCol": 2, "NumRow": 4, "Placement": "Block", "SpaceAfter": 18}}, {"Bounds": [36.0, 623.5153656005859, 301.6776885986328, 633.3740844726562], "ClipBounds": [36.0, 623.5153656005859, 301.6776885986328, 633.3740844726562], "Page": 0, "Path": "//Document/Sect[2]/Table/TR/TD", "attributes": {"BBox": [35.998499999999694, 622.0869999999995, 390.2239999999874, 631.8069999999716], "BlockAlign": "Before", "ColIndex": 0, "Height": 9.75, "InlineAlign": "Start", "RowIndex": 0, "Width": 354.25}}, {"Bounds": [36.0, 623.5153656005859, 301.6776885986328, 633.3740844726562], "ClipBounds": [36.0, 623.5153656005859, 301.6776885986328, 633.3740844726562], "Font": {"alt_family_name": "Times New Roman PS", "embedded": false, "encoding": "WinAnsiEncoding", "family_name": "Times New Roman PS", "font_type": "TrueType", "italic": false, "monospaced": false, "name": "TimesNewRomanPS-BoldMT", "subset": false, "weight": 700}, "HasClip": true, "Lang": "en", "Page": 0, "Path": "//Document/Sect[2]/Table/TR/TD/P", "Text": "INDIAN INSTITUTE OF TECHNOLOGY ROORKEE ", "TextSize": 11.039993286132812, "attributes": {"LineHeight": 13.25}}, {"Bounds": [504.2200012207031, 623.5153656005859, 572.4582366943359, 633.5507202148438], "ClipBounds": [504.2200012207031, 623.5153656005859, 572.4582366943359, 633.5507202148438], "Page": 0, "Path": "//Document/Sect[2]/Table/TR/TD[2]", "attributes": {"BBox": [390.2239999999874, 622.0869999999995, 569.6169999999984, 631.8069999999716], "BlockAlign": "Before", "ColIndex": 1, "Height": 9.75, "InlineAlign": "Start", "RowIndex": 0, "Width": 179.375}}, {"Bounds": [504.2200012207031, 623.5153656005859, 572.4582366943359, 633.5507202148438], "ClipBounds": [504.2200012207031, 623.5153656005859, 572.4582366943359, 633.5507202148438], "Font": {"alt_family_name": "Times New Roman PSMT", "embedded": false, "encoding": "WinAnsiEncoding", "family_name": "Times New Roman PSMT", "font_type": "TrueType", "italic": false, "monospaced": false, "name": "TimesNewRomanPSMT", "subset": false, "weight": 400}, "HasClip": true, "Lang": "en", "Page": 0, "Path": "//Document/Sect[2]/Table/TR/TD[2]/P", "Text": "Roorkee, India ", "TextSize": 11.039993286132812, "attributes": {"LineHeight": 13.25}}, {"Bounds": [36.0, 596.8753662109375, 307.46168518066406, 619.8707275390625], "ClipBounds": [36.0, 596.8753662109375, 307.46168518066406, 619.8707275390625], "Page": 0, "Path": "//Document/Sect[2]/Table/TR[2]/TD", "attributes": {"BBox": [35.998499999999694, 591.127999999997, 390.2239999999874, 622.0869999999995], "BlockAlign": "Before", "ColIndex": 0, "Height": 31, "InlineAlign": "Start", "RowIndex": 1, "Width": 354.25}}, {"Bounds": [36.0, 609.8353576660156, 307.46168518066406, 619.8707275390625], "ClipBounds": [36.0, 609.8353576660156, 307.46168518066406, 619.8707275390625], "Font": {"alt_family_name": "Times New Roman PSMT", "embedded": false, "encoding": "WinAnsiEncoding", "family_name": "Times New Roman PSMT", "font_type": "TrueType", "italic": false, "monospaced": false, "name": "TimesNewRomanPSMT", "subset": false, "weight": 400}, "HasClip": true, "Lang": "en", "Page": 0, "Path": "//Document/Sect[2]/Table/TR[2]/TD/P", "Text": "Bachelor of Technology, Computer Science and Engineering ", "TextSize": 11.039993286132812, "attributes": {"LineHeight": 13.25}}, {"Bounds": [36.0, 596.8753662109375, 98.78399658203125, 606.9107208251953], "ClipBounds": [36.0, 596.8753662109375, 98.78399658203125, 606.9107208251953], "Font": {"alt_family_name": "Times New Roman PSMT", "embedded": false, "encoding": "WinAnsiEncoding", "family_name": "Times New Roman PSMT", "font_type": "TrueType", "italic": false, "monospaced": false, "name": "TimesNewRomanPSMT", "subset": false, "weight": 400}, "HasClip": true, "Lang": "en", "Page": 0, "Path": "//Document/Sect[2]/Table/TR[2]/TD/P[2]", "Text": "CGPA: 7.592 ", "TextSize": 11.039993286132812, "attributes": {"LineHeight": 13.25}}, {"Bounds": [476.5, 609.8353576660156, 570.9279937744141, 619.8707275390625], "ClipBounds": [476.5, 609.8353576660156, 570.9279937744141, 619.8707275390625], "Page": 0, "Path": "//Document/Sect[2]/Table/TR[2]/TD[2]", "attributes": {"BBox": [390.2239999999874, 591.127999999997, 569.6169999999984, 622.0869999999995], "BlockAlign": "Before", "ColIndex": 1, "Height": 31, "InlineAlign": "Start", "RowIndex": 1, "Width": 179.375}}, {"Bounds": [476.5, 609.8353576660156, 570.9279937744141, 619.8707275390625], "ClipBounds": [476.5, 609.8353576660156, 570.9279937744141, 619.8707275390625], "Font": {"alt_family_name": "Times New Roman PSMT", "embedded": false, "encoding": "WinAnsiEncoding", "family_name": "Times New Roman PSMT", "font_type": "TrueType", "italic": false, "monospaced": false, "name": "TimesNewRomanPSMT", "subset": false, "weight": 400}, "HasClip": true, "Lang": "en", "Page": 0, "Path": "//Document/Sect[2]/Table/TR[2]/TD[2]/P", "Text": "July 2017-June 2021 ", "TextSize": 11.039993286132812, "attributes": {"LineHeight": 13.25}}, {"Bounds": [36.0, 546.8353576660156, 265.7117614746094, 582.4940795898438], "ClipBounds": [36.0, 546.8353576660156, 265.7117614746094, 582.4940795898438], "Page": 0, "Path": "//Document/Sect[2]/Table/TR[3]/TD", "attributes": {"BBox": [35.998499999999694, 538.5699999999779, 390.2239999999874, 591.127999999997], "BlockAlign": "Middle", "ColIndex": 0, "Height": 52.5, "InlineAlign": "Start", "RowIndex": 2, "Width": 354.25}}, {"Bounds": [36.0, 572.6353607177734, 265.7117614746094, 582.4940795898438], "ClipBounds": [36.0, 572.6353607177734, 265.7117614746094, 582.4940795898438], "Font": {"alt_family_name": "Times New Roman PS", "embedded": false, "encoding": "WinAnsiEncoding", "family_name": "Times New Roman PS", "font_type": "TrueType", "italic": false, "monospaced": false, "name": "TimesNewRomanPS-BoldMT", "subset": false, "weight": 700}, "HasClip": true, "Lang": "en", "Page": 0, "Path": "//Document/Sect[2]/Table/TR[3]/TD/P", "Text": "SHREE SWAMINARAYAN GURUKUL, VAPI ", "TextSize": 11.039993286132812, "attributes": {"LineHeight": 13.25}}, {"Bounds": [36.0, 559.7953643798828, 173.59559631347656, 569.8307189941406], "ClipBounds": [36.0, 559.7953643798828, 173.59559631347656, 569.8307189941406], "Font": {"alt_family_name": "Times New Roman PSMT", "embedded": false, "encoding": "WinAnsiEncoding", "family_name": "Times New Roman PSMT", "font_type": "TrueType", "italic": false, "monospaced": false, "name": "TimesNewRomanPSMT", "subset": false, "weight": 400}, "HasClip": true, "Page": 0, "Path": "//Document/Sect[2]/Table/TR[3]/TD/P[2]/Sub", "Text": "Intermediate(CBSE Class XII) ", "TextSize": 11.039993286132812, "attributes": {"Placement": "Block"}}, {"Bounds": [36.0, 546.8353576660156, 126.77079772949219, 556.8707275390625], "ClipBounds": [36.0, 546.8353576660156, 126.77079772949219, 556.8707275390625], "Font": {"alt_family_name": "Times New Roman PSMT", "embedded": false, "encoding": "WinAnsiEncoding", "family_name": "Times New Roman PSMT", "font_type": "TrueType", "italic": false, "monospaced": false, "name": "TimesNewRomanPSMT", "subset": false, "weight": 400}, "HasClip": true, "Page": 0, "Path": "//Document/Sect[2]/Table/TR[3]/TD/P[2]/Sub[2]", "Text": "Percentage: 94.00% ", "TextSize": 11.039993286132812, "attributes": {"Placement": "Block"}}, {"Bounds": [475.5399932861328, 559.0753631591797, 571.8985595703125, 582.6707153320312], "ClipBounds": [475.5399932861328, 559.0753631591797, 571.8985595703125, 582.6707153320312], "Page": 0, "Path": "//Document/Sect[2]/Table/TR[3]/TD[2]", "attributes": {"BBox": [390.2239999999874, 538.5699999999779, 569.6169999999984, 591.127999999997], "BlockAlign": "Before", "ColIndex": 1, "Height": 52.5, "InlineAlign": "Start", "RowIndex": 2, "Width": 179.375}}, {"Bounds": [519.5800018310547, 572.6353607177734, 571.8654479980469, 582.6707153320312], "ClipBounds": [519.5800018310547, 572.6353607177734, 571.8654479980469, 582.6707153320312], "Font": {"alt_family_name": "Times New Roman PSMT", "embedded": false, "encoding": "WinAnsiEncoding", "family_name": "Times New Roman PSMT", "font_type": "TrueType", "italic": false, "monospaced": false, "name": "TimesNewRomanPSMT", "subset": false, "weight": 400}, "HasClip": true, "Page": 0, "Path": "//Document/Sect[2]/Table/TR[3]/TD[2]/P/Sub", "Text": "Vapi, India ", "TextSize": 11.039993286132812, "attributes": {"Placement": "Block"}}, {"Bounds": [475.5399932861328, 559.0753631591797, 571.8985595703125, 569.1107177734375], "ClipBounds": [475.5399932861328, 559.0753631591797, 571.8985595703125, 569.1107177734375], "Font": {"alt_family_name": "Times New Roman PSMT", "embedded": false, "encoding": "WinAnsiEncoding", "family_name": "Times New Roman PSMT", "font_type": "TrueType", "italic": false, "monospaced": false, "name": "TimesNewRomanPSMT", "subset": false, "weight": 400}, "HasClip": true, "Page": 0, "Path": "//Document/Sect[2]/Table/TR[3]/TD[2]/P/Sub[2]", "Text": "June 2015-May 2017 ", "TextSize": 11.039993286132812, "attributes": {"Placement": "Block"}}, {"Bounds": [36.0, 495.0853576660156, 265.7117614746094, 530.7440795898438], "ClipBounds": [36.0, 495.0853576660156, 265.7117614746094, 530.7440795898438], "Page": 0, "Path": "//Document/Sect[2]/Table/TR[4]/TD", "attributes": {"BBox": [35.998499999999694, 495.1319999999978, 390.2239999999874, 538.5699999999779], "BlockAlign": "After", "ColIndex": 0, "Height": 43.5, "InlineAlign": "Start", "RowIndex": 3, "Width": 354.25}}, {"Bounds": [36.0, 520.8853607177734, 265.7117614746094, 530.7440795898438], "ClipBounds": [36.0, 520.8853607177734, 265.7117614746094, 530.7440795898438], "Font": {"alt_family_name": "Times New Roman PS", "embedded": false, "encoding": "WinAnsiEncoding", "family_name": "Times New Roman PS", "font_type": "TrueType", "italic": false, "monospaced": false, "name": "TimesNewRomanPS-BoldMT", "subset": false, "weight": 700}, "HasClip": true, "Lang": "en", "Page": 0, "Path": "//Document/Sect[2]/Table/TR[4]/TD/P", "Text": "SHREE SWAMINARAYAN GURUKUL, VAPI ", "TextSize": 11.039993286132812, "attributes": {"LineHeight": 13.25}}, {"Bounds": [36.0, 508.0453643798828, 161.61000061035156, 518.0807189941406], "ClipBounds": [36.0, 508.0453643798828, 161.61000061035156, 518.0807189941406], "Font": {"alt_family_name": "Times New Roman PSMT", "embedded": false, "encoding": "WinAnsiEncoding", "family_name": "Times New Roman PSMT", "font_type": "TrueType", "italic": false, "monospaced": false, "name": "TimesNewRomanPSMT", "subset": false, "weight": 400}, "HasClip": true, "Lang": "en", "Page": 0, "Path": "//Document/Sect[2]/Table/TR[4]/TD/P[2]", "Text": "Matriculate(CBSE Class X) ", "TextSize": 11.039993286132812, "attributes": {"LineHeight": 13.25}}, {"Bounds": [36.0, 495.0853576660156, 99.10464477539062, 505.1207275390625], "ClipBounds": [36.0, 495.0853576660156, 99.10464477539062, 505.1207275390625], "Font": {"alt_family_name": "Times New Roman PSMT", "embedded": false, "encoding": "WinAnsiEncoding", "family_name": "Times New Roman PSMT", "font_type": "TrueType", "italic": false, "monospaced": false, "name": "TimesNewRomanPSMT", "subset": false, "weight": 400}, "HasClip": true, "Lang": "en", "Page": 0, "Path": "//Document/Sect[2]/Table/TR[4]/TD/P[3]", "Text": "CGPA: 10/10 ", "TextSize": 11.039993286132812, "attributes": {"LineHeight": 13.25}}, {"Bounds": [475.5399932861328, 507.3253631591797, 571.8880004882812, 530.9207153320312], "ClipBounds": [475.5399932861328, 507.3253631591797, 571.8880004882812, 530.9207153320312], "Page": 0, "Path": "//Document/Sect[2]/Table/TR[4]/TD[2]", "attributes": {"BBox": [390.2239999999874, 495.1319999999978, 569.6169999999984, 538.5699999999779], "BlockAlign": "Middle", "ColIndex": 1, "Height": 43.5, "InlineAlign": "Start", "RowIndex": 3, "Width": 179.375}}, {"Bounds": [519.5800018310547, 520.8853607177734, 571.8654479980469, 530.9207153320312], "ClipBounds": [519.5800018310547, 520.8853607177734, 571.8654479980469, 530.9207153320312], "Font": {"alt_family_name": "Times New Roman PSMT", "embedded": false, "encoding": "WinAnsiEncoding", "family_name": "Times New Roman PSMT", "font_type": "TrueType", "italic": false, "monospaced": false, "name": "TimesNewRomanPSMT", "subset": false, "weight": 400}, "HasClip": true, "Page": 0, "Path": "//Document/Sect[2]/Table/TR[4]/TD[2]/P/Sub", "Text": "Vapi, India ", "TextSize": 11.039993286132812, "attributes": {"Placement": "Block"}}, {"Bounds": [475.5399932861328, 507.3253631591797, 571.8880004882812, 517.3607177734375], "ClipBounds": [475.5399932861328, 507.3253631591797, 571.8880004882812, 517.3607177734375], "Font": {"alt_family_name": "Times New Roman PSMT", "embedded": false, "encoding": "WinAnsiEncoding", "family_name": "Times New Roman PSMT", "font_type": "TrueType", "italic": false, "monospaced": false, "name": "TimesNewRomanPSMT", "subset": false, "weight": 400}, "HasClip": true, "Page": 0, "Path": "//Document/Sect[2]/Table/TR[4]/TD[2]/P/Sub[2]", "Text": "June 2003-May 2015 ", "TextSize": 11.039993286132812, "attributes": {"Placement": "Block"}}, {"Bounds": [277.3699951171875, 469.2853546142578, 332.7687225341797, 479.1440734863281], "ClipBounds": [277.3699951171875, 469.2853546142578, 332.7687225341797, 479.1440734863281], "Font": {"alt_family_name": "Times New Roman PS", "embedded": false, "encoding": "WinAnsiEncoding", "family_name": "Times New Roman PS", "font_type": "TrueType", "italic": false, "monospaced": false, "name": "TimesNewRomanPS-BoldMT", "subset": false, "weight": 700}, "HasClip": true, "Lang": "en", "Page": 0, "Path": "//Document/Sect[3]/H1", "Text": "Experience ", "TextSize": 11.039993286132812, "attributes": {"LineHeight": 13.25, "SpaceAfter": 3, "TextAlign": "Center"}}, {"Bounds": [36.0, 453.0853576660156, 293.2124786376953, 462.94407653808594], "ClipBounds": [36.0, 453.0853576660156, 293.2124786376953, 462.94407653808594], "Font": {"alt_family_name": "Times New Roman PS", "embedded": false, "encoding": "WinAnsiEncoding", "family_name": "Times New Roman PS", "font_type": "TrueType", "italic": false, "monospaced": false, "name": "TimesNewRomanPS-BoldMT", "subset": false, "weight": 700}, "HasClip": true, "Lang": "en", "Page": 0, "Path": "//Document/Sect[3]/Sect/H2", "Text": "SAMSUNG R&D INSTITUTE INDIA BANGALORE ", "TextSize": 11.039993286132812}, {"Bounds": [495.1000061035156, 453.0853576660156, 571.8740844726562, 463.1207275390625], "ClipBounds": [495.1000061035156, 453.0853576660156, 571.8740844726562, 463.1207275390625], "Font": {"alt_family_name": "Times New Roman PSMT", "embedded": false, "encoding": "WinAnsiEncoding", "family_name": "Times New Roman PSMT", "font_type": "TrueType", "italic": false, "monospaced": false, "name": "TimesNewRomanPSMT", "subset": false, "weight": 400}, "HasClip": true, "Lang": "en", "Page": 0, "Path": "//Document/Sect[3]/Sect/P", "Text": "Bengaluru, India ", "TextSize": 11.039993286132812}, {"Bounds": [36.0, 439.4053649902344, 114.90287780761719, 449.2640838623047], "ClipBounds": [36.0, 439.4053649902344, 114.90287780761719, 449.2640838623047], "Font": {"alt_family_name": "Times New Roman PS", "embedded": false, "encoding": "WinAnsiEncoding", "family_name": "Times New Roman PS", "font_type": "TrueType", "italic": false, "monospaced": false, "name": "TimesNewRomanPS-BoldMT", "subset": false, "weight": 700}, "HasClip": true, "Lang": "en", "Page": 0, "Path": "//Document/Sect[4]/H1", "Text": "Senior Engineer ", "TextSize": 11.039993286132812}, {"Bounds": [483.3399963378906, 439.38328552246094, 571.7161560058594, 451.70391845703125], "ClipBounds": [483.3399963378906, 439.38328552246094, 571.7161560058594, 451.70391845703125], "Font": {"alt_family_name": "Times New Roman PSMT", "embedded": false, "encoding": "WinAnsiEncoding", "family_name": "Times New Roman PSMT", "font_type": "TrueType", "italic": false, "monospaced": false, "name": "TimesNewRomanPSMT", "subset": false, "weight": 400}, "HasClip": true, "Lang": "en", "Page": 0, "Path": "//Document/Sect[4]/P", "Text": "June 2021\u2013 Present ", "TextSize": 11.039993286132812, "attributes": {"LineHeight": 13.25, "TextAlign": "End"}}, {"Bounds": [53.279998779296875, 425.8232727050781, 59.90400695800781, 438.1439208984375], "ClipBounds": [53.279998779296875, 425.8232727050781, 59.90400695800781, 438.1439208984375], "Font": {"alt_family_name": "Arial", "embedded": true, "encoding": "Identity-H", "family_name": "Arial MT", "font_type": "CIDFontType2", "italic": false, "monospaced": false, "name": "ArialMT", "subset": false, "weight": 400}, "HasClip": true, "Page": 0, "Path": "//Document/Sect[4]/L/LI/Lbl", "Text": "\u2022 ", "TextSize": 11.039993286132812}, {"Bounds": [71.30400085449219, 412.4053649902344, 571.5200805664062, 438.1439208984375], "ClipBounds": [71.30400085449219, 412.4053649902344, 571.5200805664062, 438.1439208984375], "Font": {"alt_family_name": "Times New Roman PSMT", "embedded": false, "encoding": "WinAnsiEncoding", "family_name": "Times New Roman PSMT", "font_type": "TrueType", "italic": false, "monospaced": false, "name": "TimesNewRomanPSMT", "subset": false, "weight": 400}, "HasClip": true, "Page": 0, "Path": "//Document/Sect[4]/L/LI/LBody", "Text": "Worked in the development of the World\u2019s first commercialized MCPTT solution on Android, based on 3GPP\u2019s MCX communication standard, developed for first responders. ", "TextSize": 11.039993286132812}, {"Bounds": [53.279998779296875, 398.8232727050781, 59.90400695800781, 411.1439208984375], "ClipBounds": [53.279998779296875, 398.8232727050781, 59.90400695800781, 411.1439208984375], "Font": {"alt_family_name": "Arial", "embedded": true, "encoding": "Identity-H", "family_name": "Arial MT", "font_type": "CIDFontType2", "italic": false, "monospaced": false, "name": "ArialMT", "subset": false, "weight": 400}, "HasClip": true, "Page": 0, "Path": "//Document/Sect[4]/L/LI[2]/Lbl", "Text": "\u2022 ", "TextSize": 11.039993286132812}, {"Bounds": [71.30400085449219, 385.5253601074219, 572.8187255859375, 408.88072204589844], "ClipBounds": [71.30400085449219, 385.5253601074219, 572.8187255859375, 408.88072204589844], "Font": {"alt_family_name": "Times New Roman PSMT", "embedded": false, "encoding": "WinAnsiEncoding", "family_name": "Times New Roman PSMT", "font_type": "TrueType", "italic": false, "monospaced": false, "name": "TimesNewRomanPSMT", "subset": false, "weight": 400}, "HasClip": true, "Page": 0, "Path": "//Document/Sect[4]/L/LI[2]/LBody", "Text": "Contributed to the MCData component of the solution, adding the location altitude feature and messaging feature as per 3GPP and custom specifications respectively. ", "TextSize": 11.039993286132812}, {"Bounds": [53.279998779296875, 371.92327880859375, 59.90400695800781, 384.2439270019531], "ClipBounds": [53.279998779296875, 371.92327880859375, 59.90400695800781, 384.2439270019531], "Font": {"alt_family_name": "Arial", "embedded": true, "encoding": "Identity-H", "family_name": "Arial MT", "font_type": "CIDFontType2", "italic": false, "monospaced": false, "name": "ArialMT", "subset": false, "weight": 400}, "HasClip": true, "Page": 0, "Path": "//Document/Sect[4]/L/LI[3]/Lbl", "Text": "\u2022 ", "TextSize": 11.039993286132812}, {"Bounds": [71.30400085449219, 345.0653533935547, 567.3031311035156, 381.980712890625], "ClipBounds": [71.30400085449219, 345.0653533935547, 567.3031311035156, 381.980712890625], "Font": {"alt_family_name": "Times New Roman PSMT", "embedded": false, "encoding": "WinAnsiEncoding", "family_name": "Times New Roman PSMT", "font_type": "TrueType", "italic": false, "monospaced": false, "name": "TimesNewRomanPSMT", "subset": false, "weight": 400}, "HasClip": true, "Page": 0, "Path": "//Document/Sect[4]/L/LI[3]/LBody", "Text": "Responsibilities: Designing and developing specification-accurate solution, Collaborating with respective teams in Samsung HQ, South Korea for proper implementation and functioning, Testing and Integration activities, Debugging and resolution of possible issues. ", "TextSize": 11.039993286132812}, {"Bounds": [53.279998779296875, 331.4832763671875, 59.90400695800781, 343.8039245605469], "ClipBounds": [53.279998779296875, 331.4832763671875, 59.90400695800781, 343.8039245605469], "Font": {"alt_family_name": "Arial", "embedded": true, "encoding": "Identity-H", "family_name": "Arial MT", "font_type": "CIDFontType2", "italic": false, "monospaced": false, "name": "ArialMT", "subset": false, "weight": 400}, "HasClip": true, "Page": 0, "Path": "//Document/Sect[4]/L/LI[4]/Lbl", "Text": "\u2022 ", "TextSize": 11.039993286132812}, {"Bounds": [71.30400085449219, 331.50535583496094, 332.9499969482422, 341.5407257080078], "ClipBounds": [71.30400085449219, 331.50535583496094, 332.9499969482422, 341.5407257080078], "Font": {"alt_family_name": "Times New Roman PSMT", "embedded": false, "encoding": "WinAnsiEncoding", "family_name": "Times New Roman PSMT", "font_type": "TrueType", "italic": false, "monospaced": false, "name": "TimesNewRomanPSMT", "subset": false, "weight": 400}, "HasClip": true, "Page": 0, "Path": "//Document/Sect[4]/L/LI[4]/LBody", "Text": "Tech Stack: Android Studio, Java, C++, NodeJS, Perforce. ", "TextSize": 11.039993286132812}, {"Bounds": [37.08000183105469, 304.26536560058594, 175.79759216308594, 314.12408447265625], "ClipBounds": [37.08000183105469, 304.26536560058594, 175.79759216308594, 314.12408447265625], "Font": {"alt_family_name": "Times New Roman PS", "embedded": false, "encoding": "WinAnsiEncoding", "family_name": "Times New Roman PS", "font_type": "TrueType", "italic": false, "monospaced": false, "name": "TimesNewRomanPS-BoldMT", "subset": false, "weight": 700}, "HasClip": true, "Lang": "en", "Page": 0, "Path": "//Document/Sect[4]/Sect/H2", "Text": "FIDELITY INVESTMENTS ", "TextSize": 11.039993286132812}, {"Bounds": [500.86000061035156, 304.26536560058594, 577.6326446533203, 314.30072021484375], "ClipBounds": [500.86000061035156, 304.26536560058594, 577.6326446533203, 314.30072021484375], "Font": {"alt_family_name": "Times New Roman PSMT", "embedded": false, "encoding": "WinAnsiEncoding", "family_name": "Times New Roman PSMT", "font_type": "TrueType", "italic": false, "monospaced": false, "name": "TimesNewRomanPSMT", "subset": false, "weight": 400}, "HasClip": true, "Lang": "en", "Page": 0, "Path": "//Document/Sect[4]/Sect/P", "Text": "Bengaluru, India ", "TextSize": 11.039993286132812, "attributes": {"LineHeight": 13.25, "TextAlign": "End"}}, {"Bounds": [37.08000183105469, 290.7053527832031, 113.05967712402344, 300.5640869140625], "ClipBounds": [37.08000183105469, 290.7053527832031, 113.05967712402344, 300.5640869140625], "Font": {"alt_family_name": "Times New Roman PS", "embedded": false, "encoding": "WinAnsiEncoding", "family_name": "Times New Roman PS", "font_type": "TrueType", "italic": false, "monospaced": false, "name": "TimesNewRomanPS-BoldMT", "subset": false, "weight": 700}, "HasClip": true, "Lang": "sv", "Page": 0, "Path": "//Document/Sect[5]/H1", "Text": "Summer Intern ", "TextSize": 11.039993286132812}, {"Bounds": [474.94000244140625, 290.6832733154297, 578.6185607910156, 303.00392150878906], "ClipBounds": [474.94000244140625, 290.6832733154297, 578.6185607910156, 303.00392150878906], "Font": {"alt_family_name": "Times New Roman PSMT", "embedded": false, "encoding": "WinAnsiEncoding", "family_name": "Times New Roman PSMT", "font_type": "TrueType", "italic": false, "monospaced": false, "name": "TimesNewRomanPSMT", "subset": false, "weight": 400}, "HasClip": true, "Lang": "en", "Page": 0, "Path": "//Document/Sect[5]/P", "Text": "May 2020 \u2013 June 2020 ", "TextSize": 11.039993286132812, "attributes": {"LineHeight": 13.25, "TextAlign": "End"}}, {"Bounds": [53.279998779296875, 277.00328063964844, 59.90400695800781, 289.32391357421875], "ClipBounds": [53.279998779296875, 277.00328063964844, 59.90400695800781, 289.32391357421875], "Font": {"alt_family_name": "Arial", "embedded": true, "encoding": "Identity-H", "family_name": "Arial MT", "font_type": "CIDFontType2", "italic": false, "monospaced": false, "name": "ArialMT", "subset": false, "weight": 400}, "HasClip": true, "Page": 0, "Path": "//Document/Sect[5]/L/LI/Lbl", "Text": "\u2022 ", "TextSize": 11.039993286132812}, {"Bounds": [71.30400085449219, 263.5632781982422, 539.2800750732422, 287.0607147216797], "ClipBounds": [71.30400085449219, 263.5632781982422, 539.2800750732422, 287.0607147216797], "Font": {"alt_family_name": "Times New Roman PSMT", "embedded": true, "encoding": "Identity-H", "family_name": "Times New Roman PSMT", "font_type": "CIDFontType2", "italic": false, "monospaced": false, "name": "TimesNewRomanPSMT", "subset": false, "weight": 400}, "HasClip": true, "Page": 0, "Path": "//Document/Sect[5]/L/LI/LBody", "Text": "Worked with the Enterprise Infrastructure(EI) Business Unit to create an efficient Self-Service system for handling of the team\u2019s Change creation process. ", "TextSize": 11.039993286132812}, {"Bounds": [53.279998779296875, 250.00328063964844, 59.90400695800781, 262.32391357421875], "ClipBounds": [53.279998779296875, 250.00328063964844, 59.90400695800781, 262.32391357421875], "Font": {"alt_family_name": "Arial", "embedded": true, "encoding": "Identity-H", "family_name": "Arial MT", "font_type": "CIDFontType2", "italic": false, "monospaced": false, "name": "ArialMT", "subset": false, "weight": 400}, "HasClip": true, "Page": 0, "Path": "//Document/Sect[5]/L/LI[2]/Lbl", "Text": "\u2022 ", "TextSize": 11.039993286132812}, {"Bounds": [71.30400085449219, 250.02536010742188, 261.4100036621094, 260.0607147216797], "ClipBounds": [71.30400085449219, 250.02536010742188, 261.4100036621094, 260.0607147216797], "Font": {"alt_family_name": "Times New Roman PSMT", "embedded": false, "encoding": "WinAnsiEncoding", "family_name": "Times New Roman PSMT", "font_type": "TrueType", "italic": false, "monospaced": false, "name": "TimesNewRomanPSMT", "subset": false, "weight": 400}, "HasClip": true, "Page": 0, "Path": "//Document/Sect[5]/L/LI[2]/LBody", "Text": "Tech Stack: Python, Jenkins, ServiceNow. ", "TextSize": 11.039993286132812}, {"Bounds": [287.3300018310547, 222.7853546142578, 328.68592834472656, 232.64407348632812], "ClipBounds": [287.3300018310547, 222.7853546142578, 328.68592834472656, 232.64407348632812], "Font": {"alt_family_name": "Times New Roman PS", "embedded": false, "encoding": "WinAnsiEncoding", "family_name": "Times New Roman PS", "font_type": "TrueType", "italic": false, "monospaced": false, "name": "TimesNewRomanPS-BoldMT", "subset": false, "weight": 700}, "HasClip": true, "Lang": "en", "Page": 0, "Path": "//Document/Sect[6]/H1", "Text": "Projects ", "TextSize": 11.039993286132812, "attributes": {"LineHeight": 13.25, "TextAlign": "Center"}}, {"Bounds": [37.08000183105469, 209.22535705566406, 301.7640075683594, 219.08407592773438], "ClipBounds": [37.08000183105469, 209.22535705566406, 301.7640075683594, 219.08407592773438], "Font": {"alt_family_name": "Times New Roman PS", "embedded": false, "encoding": "WinAnsiEncoding", "family_name": "Times New Roman PS", "font_type": "TrueType", "italic": false, "monospaced": false, "name": "TimesNewRomanPS-BoldMT", "subset": false, "weight": 700}, "HasClip": true, "Lang": "en", "Page": 0, "Path": "//Document/Sect[6]/Sect/H2", "Text": "IMPLICIT AND CONTINUOUS AUTHENTICATION ", "TextSize": 11.039993286132812}, {"Bounds": [508.8999938964844, 209.22535705566406, 577.1492767333984, 219.26072692871094], "ClipBounds": [508.8999938964844, 209.22535705566406, 577.1492767333984, 219.26072692871094], "Font": {"alt_family_name": "Times New Roman PSMT", "embedded": false, "encoding": "WinAnsiEncoding", "family_name": "Times New Roman PSMT", "font_type": "TrueType", "italic": false, "monospaced": false, "name": "TimesNewRomanPSMT", "subset": false, "weight": 400}, "HasClip": true, "Lang": "en", "Page": 0, "Path": "//Document/Sect[6]/Sect/P", "Text": "Roorkee, India ", "TextSize": 11.039993286132812}, {"Bounds": [37.08000183105469, 195.37327575683594, 578.966552734375, 207.6939239501953], "ClipBounds": [37.08000183105469, 195.37327575683594, 578.966552734375, 207.6939239501953], "Font": {"alt_family_name": "Times New Roman PSMT", "embedded": false, "encoding": "WinAnsiEncoding", "family_name": "Times New Roman PSMT", "font_type": "TrueType", "italic": false, "monospaced": false, "name": "TimesNewRomanPSMT", "subset": false, "weight": 400}, "HasClip": true, "Page": 0, "Path": "//Document/Sect[6]/Sect/L/LI/LBody/ParagraphSpan", "Text": "Researcher and Developer September 2020 \u2013 June 2021 ", "TextSize": 11.039993286132812}, {"Bounds": [53.279998779296875, 181.57327270507812, 59.90400695800781, 193.8939208984375], "ClipBounds": [53.279998779296875, 181.57327270507812, 59.90400695800781, 193.8939208984375], "Font": {"alt_family_name": "Arial", "embedded": true, "encoding": "Identity-H", "family_name": "Arial MT", "font_type": "CIDFontType2", "italic": false, "monospaced": false, "name": "ArialMT", "subset": false, "weight": 400}, "HasClip": true, "Page": 0, "Path": "//Document/Sect[6]/Sect/L/LI/LBody/L/LI/Lbl", "Text": "\u2022 ", "TextSize": 11.039993286132812}, {"Bounds": [71.30400085449219, 168.27536010742188, 544.1030426025391, 191.63072204589844], "ClipBounds": [71.30400085449219, 168.27536010742188, 544.1030426025391, 191.63072204589844], "Font": {"alt_family_name": "Times New Roman PSMT", "embedded": false, "encoding": "WinAnsiEncoding", "family_name": "Times New Roman PSMT", "font_type": "TrueType", "italic": false, "monospaced": false, "name": "TimesNewRomanPSMT", "subset": false, "weight": 400}, "HasClip": true, "Page": 0, "Path": "//Document/Sect[6]/Sect/L/LI/LBody/L/LI/LBody", "Text": "Researched ways to authenticate the smartphone user after the initial check using mobile sensors and Deep learning models (entry-point authentication). ", "TextSize": 11.039993286132812}, {"Bounds": [53.279998779296875, 154.6932830810547, 59.90400695800781, 167.013916015625], "ClipBounds": [53.279998779296875, 154.6932830810547, 59.90400695800781, 167.013916015625], "Font": {"alt_family_name": "Arial", "embedded": true, "encoding": "Identity-H", "family_name": "Arial MT", "font_type": "CIDFontType2", "italic": false, "monospaced": false, "name": "ArialMT", "subset": false, "weight": 400}, "HasClip": true, "Page": 0, "Path": "//Document/Sect[6]/Sect/L/LI/LBody/L/LI[2]/Lbl", "Text": "\u2022 ", "TextSize": 11.039993286132812}, {"Bounds": [71.30400085449219, 141.39535522460938, 547.0721588134766, 164.75071716308594], "ClipBounds": [71.30400085449219, 141.39535522460938, 547.0721588134766, 164.75071716308594], "Font": {"alt_family_name": "Times New Roman PSMT", "embedded": false, "encoding": "WinAnsiEncoding", "family_name": "Times New Roman PSMT", "font_type": "TrueType", "italic": false, "monospaced": false, "name": "TimesNewRomanPSMT", "subset": false, "weight": 400}, "HasClip": true, "Page": 0, "Path": "//Document/Sect[6]/Sect/L/LI/LBody/L/LI[2]/LBody", "Text": "Developed an Android application, SilentObserver, as a part of the project for experiments and as proof of concept. ", "TextSize": 11.039993286132812}, {"Bounds": [53.279998779296875, 127.81327819824219, 59.90400695800781, 140.13392639160156], "ClipBounds": [53.279998779296875, 127.81327819824219, 59.90400695800781, 140.13392639160156], "Font": {"alt_family_name": "Arial", "embedded": true, "encoding": "Identity-H", "family_name": "Arial MT", "font_type": "CIDFontType2", "italic": false, "monospaced": false, "name": "ArialMT", "subset": false, "weight": 400}, "HasClip": true, "Page": 0, "Path": "//Document/Sect[6]/Sect/L/LI/LBody/L/LI[3]/Lbl", "Text": "\u2022 ", "TextSize": 11.039993286132812}, {"Bounds": [71.30400085449219, 127.83535766601562, 311.43504333496094, 137.8707275390625], "ClipBounds": [71.30400085449219, 127.83535766601562, 311.43504333496094, 137.8707275390625], "Font": {"alt_family_name": "Times New Roman PSMT", "embedded": false, "encoding": "WinAnsiEncoding", "family_name": "Times New Roman PSMT", "font_type": "TrueType", "italic": false, "monospaced": false, "name": "TimesNewRomanPSMT", "subset": false, "weight": 400}, "HasClip": true, "Page": 0, "Path": "//Document/Sect[6]/Sect/L/LI/LBody/L/LI[3]/LBody", "Text": "Tech Stack: Java, Android, Django, Firebase, SQLite. ", "TextSize": 11.039993286132812}, {"Bounds": [37.08000183105469, 707.2753601074219, 369.84776306152344, 717.1340789794922], "ClipBounds": [37.08000183105469, 707.2753601074219, 369.84776306152344, 717.1340789794922], "Font": {"alt_family_name": "Times New Roman PS", "embedded": false, "encoding": "WinAnsiEncoding", "family_name": "Times New Roman PS", "font_type": "TrueType", "italic": false, "monospaced": false, "name": "TimesNewRomanPS-BoldMT", "subset": false, "weight": 700}, "HasClip": true, "Lang": "en", "Page": 1, "Path": "//Document/Sect[6]/Sect[2]/H2", "Text": "MALWARE DETECTION USING REINFORCEMENT LEARNING ", "TextSize": 11.039993286132812}, {"Bounds": [510.4600067138672, 707.2753601074219, 578.6982421875, 717.3107147216797], "ClipBounds": [510.4600067138672, 707.2753601074219, 578.6982421875, 717.3107147216797], "Font": {"alt_family_name": "Times New Roman PSMT", "embedded": false, "encoding": "WinAnsiEncoding", "family_name": "Times New Roman PSMT", "font_type": "TrueType", "italic": false, "monospaced": false, "name": "TimesNewRomanPSMT", "subset": false, "weight": 400}, "HasClip": true, "Lang": "en", "Page": 1, "Path": "//Document/Sect[6]/Sect[2]/P", "Text": "Roorkee, India ", "TextSize": 11.039993286132812, "attributes": {"LineHeight": 13.25, "TextAlign": "End"}}, {"Bounds": [37.08000183105469, 693.4753570556641, 163.85232543945312, 703.3340759277344], "ClipBounds": [37.08000183105469, 693.4753570556641, 163.85232543945312, 703.3340759277344], "Font": {"alt_family_name": "Times New Roman PS", "embedded": false, "encoding": "WinAnsiEncoding", "family_name": "Times New Roman PS", "font_type": "TrueType", "italic": false, "monospaced": false, "name": "TimesNewRomanPS-BoldMT", "subset": false, "weight": 700}, "HasClip": true, "Lang": "en", "Page": 1, "Path": "//Document/Sect[7]/H1", "Text": "Researcher and Developer ", "TextSize": 11.039993286132812}, {"Bounds": [460.8999938964844, 693.4532775878906, 578.6185607910156, 705.77392578125], "ClipBounds": [460.8999938964844, 693.4532775878906, 578.6185607910156, 705.77392578125], "Font": {"alt_family_name": "Times New Roman PSMT", "embedded": false, "encoding": "WinAnsiEncoding", "family_name": "Times New Roman PSMT", "font_type": "TrueType", "italic": false, "monospaced": false, "name": "TimesNewRomanPSMT", "subset": false, "weight": 400}, "HasClip": true, "Lang": "en", "Page": 1, "Path": "//Document/Sect[7]/P", "Text": "January 2020 \u2013 May 2020 ", "TextSize": 11.039993286132812, "attributes": {"LineHeight": 13.25, "TextAlign": "End"}}, {"Bounds": [53.279998779296875, 680.0132751464844, 59.90400695800781, 692.3339233398438], "ClipBounds": [53.279998779296875, 680.0132751464844, 59.90400695800781, 692.3339233398438], "Font": {"alt_family_name": "Arial", "embedded": true, "encoding": "Identity-H", "family_name": "Arial MT", "font_type": "CIDFontType2", "italic": false, "monospaced": false, "name": "ArialMT", "subset": false, "weight": 400}, "HasClip": true, "Page": 1, "Path": "//Document/Sect[7]/L/LI/Lbl", "Text": "\u2022 ", "TextSize": 11.039993286132812}, {"Bounds": [71.30400085449219, 666.5953674316406, 541.3762359619141, 690.0707244873047], "ClipBounds": [71.30400085449219, 666.5953674316406, 541.3762359619141, 690.0707244873047], "Font": {"alt_family_name": "Times New Roman PSMT", "embedded": false, "encoding": "WinAnsiEncoding", "family_name": "Times New Roman PSMT", "font_type": "TrueType", "italic": false, "monospaced": false, "name": "TimesNewRomanPSMT", "subset": false, "weight": 400}, "HasClip": true, "Page": 1, "Path": "//Document/Sect[7]/L/LI/LBody", "Text": "Classified the network traffic as malicious or benign using the Reinforcement learning algorithm (Deep Q-Network). ", "TextSize": 11.039993286132812}, {"Bounds": [53.279998779296875, 653.0132751464844, 59.90400695800781, 665.3339233398438], "ClipBounds": [53.279998779296875, 653.0132751464844, 59.90400695800781, 665.3339233398438], "Font": {"alt_family_name": "Arial", "embedded": true, "encoding": "Identity-H", "family_name": "Arial MT", "font_type": "CIDFontType2", "italic": false, "monospaced": false, "name": "ArialMT", "subset": false, "weight": 400}, "HasClip": true, "Page": 1, "Path": "//Document/Sect[7]/L/LI[2]/Lbl", "Text": "\u2022 ", "TextSize": 11.039993286132812}, {"Bounds": [71.30400085449219, 639.7153625488281, 552.0408782958984, 663.0707244873047], "ClipBounds": [71.30400085449219, 639.7153625488281, 552.0408782958984, 663.0707244873047], "Font": {"alt_family_name": "Times New Roman PSMT", "embedded": false, "encoding": "WinAnsiEncoding", "family_name": "Times New Roman PSMT", "font_type": "TrueType", "italic": false, "monospaced": false, "name": "TimesNewRomanPSMT", "subset": false, "weight": 400}, "HasClip": true, "Page": 1, "Path": "//Document/Sect[7]/L/LI[2]/LBody", "Text": "Compared its result with other supervised learning classifiers such as Logistic Regression, Neural Networks, Decision trees classifier. ", "TextSize": 11.039993286132812}, {"Bounds": [53.279998779296875, 626.1332855224609, 59.90400695800781, 638.4539184570312], "ClipBounds": [53.279998779296875, 626.1332855224609, 59.90400695800781, 638.4539184570312], "Font": {"alt_family_name": "Arial", "embedded": true, "encoding": "Identity-H", "family_name": "Arial MT", "font_type": "CIDFontType2", "italic": false, "monospaced": false, "name": "ArialMT", "subset": false, "weight": 400}, "HasClip": true, "Page": 1, "Path": "//Document/Sect[7]/L/LI[3]/Lbl", "Text": "\u2022 ", "TextSize": 11.039993286132812}, {"Bounds": [71.30400085449219, 626.1553649902344, 206.3673553466797, 636.1907196044922], "ClipBounds": [71.30400085449219, 626.1553649902344, 206.3673553466797, 636.1907196044922], "Font": {"alt_family_name": "Times New Roman PSMT", "embedded": false, "encoding": "WinAnsiEncoding", "family_name": "Times New Roman PSMT", "font_type": "TrueType", "italic": false, "monospaced": false, "name": "TimesNewRomanPSMT", "subset": false, "weight": 400}, "HasClip": true, "Page": 1, "Path": "//Document/Sect[7]/L/LI[3]/LBody", "Text": "Tech Stack: Python, PyTorch. ", "TextSize": 11.039993286132812}, {"Bounds": [284.2100067138672, 598.9153594970703, 331.0526428222656, 608.7740783691406], "ClipBounds": [284.2100067138672, 598.9153594970703, 331.0526428222656, 608.7740783691406], "Font": {"alt_family_name": "Times New Roman PS", "embedded": false, "encoding": "WinAnsiEncoding", "family_name": "Times New Roman PS", "font_type": "TrueType", "italic": false, "monospaced": false, "name": "TimesNewRomanPS-BoldMT", "subset": false, "weight": 700}, "HasClip": true, "Lang": "en", "Page": 1, "Path": "//Document/Sect[8]/H1", "Text": "Activities ", "TextSize": 11.039993286132812, "attributes": {"LineHeight": 13.25, "TextAlign": "Center"}}, {"Bounds": [35.52000427246094, 585.2132873535156, 157.85800170898438, 597.5339202880859], "ClipBounds": [35.52000427246094, 585.2132873535156, 157.85800170898438, 597.5339202880859], "Font": {"alt_family_name": "Times New Roman PS", "embedded": false, "encoding": "WinAnsiEncoding", "family_name": "Times New Roman PS", "font_type": "TrueType", "italic": false, "monospaced": false, "name": "TimesNewRomanPS-BoldMT", "subset": false, "weight": 700}, "HasClip": true, "Lang": "en", "Page": 1, "Path": "//Document/Sect[8]/Sect/H2", "Text": "N.S.O. \u2013 IIT ROORKEE ", "TextSize": 11.039993286132812}, {"Bounds": [35.52000427246094, 571.5553588867188, 77.46095275878906, 581.4140777587891], "ClipBounds": [35.52000427246094, 571.5553588867188, 77.46095275878906, 581.4140777587891], "Font": {"alt_family_name": "Times New Roman PS", "embedded": false, "encoding": "WinAnsiEncoding", "family_name": "Times New Roman PS", "font_type": "TrueType", "italic": false, "monospaced": false, "name": "TimesNewRomanPS-BoldMT", "subset": false, "weight": 700}, "HasClip": true, "Lang": "en", "Page": 1, "Path": "//Document/Sect[8]/Sect/Sect/H3", "Text": "Football ", "TextSize": 11.039993286132812}, {"Bounds": [53.279998779296875, 557.9732818603516, 59.90400695800781, 570.2939147949219], "ClipBounds": [53.279998779296875, 557.9732818603516, 59.90400695800781, 570.2939147949219], "Font": {"alt_family_name": "Arial", "embedded": true, "encoding": "Identity-H", "family_name": "Arial MT", "font_type": "CIDFontType2", "italic": false, "monospaced": false, "name": "ArialMT", "subset": false, "weight": 400}, "HasClip": true, "Page": 1, "Path": "//Document/Sect[8]/Sect/Sect/L/LI/Lbl", "Text": "\u2022 ", "TextSize": 11.039993286132812}, {"Bounds": [71.30400085449219, 557.995361328125, 281.8113555908203, 568.0307159423828], "ClipBounds": [71.30400085449219, 557.995361328125, 281.8113555908203, 568.0307159423828], "Font": {"alt_family_name": "Times New Roman PSMT", "embedded": false, "encoding": "WinAnsiEncoding", "family_name": "Times New Roman PSMT", "font_type": "TrueType", "italic": false, "monospaced": false, "name": "TimesNewRomanPSMT", "subset": false, "weight": 400}, "HasClip": true, "Page": 1, "Path": "//Document/Sect[8]/Sect/Sect/L/LI/LBody", "Text": "Part of football fraternity of N.S.O. as a player. ", "TextSize": 11.039993286132812}, {"Bounds": [53.279998779296875, 544.4132843017578, 59.90400695800781, 556.7339172363281], "ClipBounds": [53.279998779296875, 544.4132843017578, 59.90400695800781, 556.7339172363281], "Font": {"alt_family_name": "Arial", "embedded": true, "encoding": "Identity-H", "family_name": "Arial MT", "font_type": "CIDFontType2", "italic": false, "monospaced": false, "name": "ArialMT", "subset": false, "weight": 400}, "HasClip": true, "Page": 1, "Path": "//Document/Sect[8]/Sect/Sect/L/LI[2]/Lbl", "Text": "\u2022 ", "TextSize": 11.039993286132812}, {"Bounds": [71.30400085449219, 544.4353637695312, 307.4606475830078, 554.4707183837891], "ClipBounds": [71.30400085449219, 544.4353637695312, 307.4606475830078, 554.4707183837891], "Font": {"alt_family_name": "Times New Roman PSMT", "embedded": false, "encoding": "WinAnsiEncoding", "family_name": "Times New Roman PSMT", "font_type": "TrueType", "italic": false, "monospaced": false, "name": "TimesNewRomanPSMT", "subset": false, "weight": 400}, "HasClip": true, "Page": 1, "Path": "//Document/Sect[8]/Sect/Sect/L/LI[2]/LBody", "Text": "Worked as a volunteer for organising Sangram 2018. ", "TextSize": 11.039993286132812}, {"Bounds": [510.3399963378906, 585.2353668212891, 578.5782470703125, 595.2707214355469], "ClipBounds": [510.3399963378906, 585.2353668212891, 578.5782470703125, 595.2707214355469], "Font": {"alt_family_name": "Times New Roman PSMT", "embedded": false, "encoding": "WinAnsiEncoding", "family_name": "Times New Roman PSMT", "font_type": "TrueType", "italic": false, "monospaced": false, "name": "TimesNewRomanPSMT", "subset": false, "weight": 400}, "HasClip": true, "Page": 1, "Path": "//Document/Sect[8]/Sect/Sect/P/Sub", "Text": "Roorkee, India ", "TextSize": 11.039993286132812, "attributes": {"Placement": "Block"}}, {"Bounds": [476.74000549316406, 571.5332794189453, 578.6199951171875, 583.8539276123047], "ClipBounds": [476.74000549316406, 571.5332794189453, 578.6199951171875, 583.8539276123047], "Font": {"alt_family_name": "Times New Roman PSMT", "embedded": false, "encoding": "WinAnsiEncoding", "family_name": "Times New Roman PSMT", "font_type": "TrueType", "italic": false, "monospaced": false, "name": "TimesNewRomanPSMT", "subset": false, "weight": 400}, "HasClip": true, "Page": 1, "Path": "//Document/Sect[8]/Sect/Sect/P/Sub[2]", "Text": "July 2017 \u2013 May 2018 ", "TextSize": 11.039993286132812, "attributes": {"Placement": "Block"}}, {"Bounds": [262.9700012207031, 517.1653594970703, 347.0176086425781, 527.0240783691406], "ClipBounds": [262.9700012207031, 517.1653594970703, 347.0176086425781, 527.0240783691406], "Font": {"alt_family_name": "Times New Roman PS", "embedded": false, "encoding": "WinAnsiEncoding", "family_name": "Times New Roman PS", "font_type": "TrueType", "italic": false, "monospaced": false, "name": "TimesNewRomanPS-BoldMT", "subset": false, "weight": 700}, "HasClip": true, "Lang": "en", "Page": 1, "Path": "//Document/Sect[9]/H1", "Text": "Skills & Interests ", "TextSize": 11.039993286132812, "attributes": {"LineHeight": 13.25, "TextAlign": "Center"}}, {"Bounds": [36.0, 503.48536682128906, 455.13343811035156, 513.5207214355469], "ClipBounds": [36.0, 503.48536682128906, 455.13343811035156, 513.5207214355469], "Font": {"alt_family_name": "Times New Roman PSMT", "embedded": false, "encoding": "WinAnsiEncoding", "family_name": "Times New Roman PSMT", "font_type": "TrueType", "italic": false, "monospaced": false, "name": "TimesNewRomanPSMT", "subset": false, "weight": 400}, "HasClip": true, "Page": 1, "Path": "//Document/Sect[9]/P/Sub", "Text": "Technical: Java, Android Studio, C++, Python, NodeJS, Perforce, GitHub, Postman, MySQL. ", "TextSize": 11.039993286132812, "attributes": {"Placement": "Block"}}, {"Bounds": [36.0, 489.92535400390625, 233.42295837402344, 499.9607238769531], "ClipBounds": [36.0, 489.92535400390625, 233.42295837402344, 499.9607238769531], "Font": {"alt_family_name": "Times New Roman PSMT", "embedded": false, "encoding": "WinAnsiEncoding", "family_name": "Times New Roman PSMT", "font_type": "TrueType", "italic": false, "monospaced": false, "name": "TimesNewRomanPSMT", "subset": false, "weight": 400}, "HasClip": true, "Page": 1, "Path": "//Document/Sect[9]/P/Sub[2]", "Text": "Language: English (Fluent), Hindi (Native) ", "TextSize": 11.039993286132812, "attributes": {"Placement": "Block"}}, {"Bounds": [36.0, 476.48536682128906, 321.5299987792969, 486.5207214355469], "ClipBounds": [36.0, 476.48536682128906, 321.5299987792969, 486.5207214355469], "Font": {"alt_family_name": "Times New Roman PSMT", "embedded": false, "encoding": "WinAnsiEncoding", "family_name": "Times New Roman PSMT", "font_type": "TrueType", "italic": false, "monospaced": false, "name": "TimesNewRomanPSMT", "subset": false, "weight": 400}, "HasClip": true, "Page": 1, "Path": "//Document/Sect[9]/P/Sub[3]", "Text": "Interests: Video Games, Football, Books, Movies, Technology. ", "TextSize": 11.039993286132812, "attributes": {"Placement": "Block"}}], "pages": [{"boxes": {"CropBox": [0.0, 0.0, 612.0, 792.0], "MediaBox": [0.0, 0.0, 612.0, 792.0]}, "height": 792.0, "is_scanned": false, "page_number": 0, "rotation": 0, "width": 612.0}, {"boxes": {"CropBox": [0.0, 0.0, 612.0, 792.0], "MediaBox": [0.0, 0.0, 612.0, 792.0]}, "height": 792.0, "is_scanned": false, "page_number": 1, "rotation": 0, "width": 612.0}]}